name,rating,Goals_percentile,Shots_percentile,Assists_percentile,Accurate passes_percentile,Pass accuracy_percentile,Accurate long balls_percentile,Long ball accuracy_percentile,Chances created_percentile,Successful crosses_percentile,Cross accuracy_percentile,Dribbles_percentile,Dribbles success rate_percentile,Touches_percentile,Touches in opposition box_percentile,Dispossessed_percentile,Fouls won_percentile,Tackles won_percentile,Tackles won %_percentile,Duels won_percentile,Duels won %_percentile,Aerials won_percentile,Aerials won %_percentile,Interceptions_percentile,Blocked scoring attempt_percentile,Fouls committed_percentile,Recoveries_percentile,Possession won final 3rd_percentile,Dribbled past_percentile,Yellow cards_percentile,Red cards_percentile,Shots on target_percentile,Penalties awarded_percentile
Luis Alvarez,7.87,0,75.78125,85.9375,28.90625,42.96875,35.15625,17.1875,90.625,52.34375,37.5,96.875,67.96875,41.40625,78.125,0.78125,5.46875,15.625,6.25,71.875,13.28125,57.03125,17.1875,14.84375,62.5,13.28125,4.6875,50,1.5625,100,100,NA,NA
Pierre Reedy,7.47,53.03030303030303,74.24242424242425,84.84848484848484,30.303030303030305,63.63636363636363,7.575757575757576,18.181818181818183,34.84848484848485,16.666666666666664,15.151515151515152,51.51515151515152,43.93939393939394,46.96969696969697,81.81818181818183,31.818181818181817,89.39393939393939,81.81818181818183,34.84848484848485,92.42424242424242,92.42424242424242,80.3030303030303,89.39393939393939,100,27.27272727272727,77.27272727272727,89.39393939393939,22.727272727272727,46.96969696969697,34.84848484848485,100,75.75757575757575,NA
Sebastian Cruz,7.47,62.5,78.125,87.5,87.5,81.25,71.875,84.375,68.75,40.625,93.75,71.875,71.875,68.75,90.625,31.25,31.25,37.5,25,34.375,9.375,12.5,3.125,71.875,75,56.25,100,56.25,12.5,53.125,100,93.75,NA
Alfredo Midence,7.45,0,18.62745098039216,0,42.15686274509804,9.803921568627452,77.45098039215686,34.31372549019608,90.19607843137256,81.37254901960785,49.01960784313725,63.725490196078425,26.47058823529412,73.52941176470588,30.392156862745097,0,81.37254901960785,94.11764705882352,49.01960784313725,80.3921568627451,22.54901960784314,27.450980392156865,24.509803921568626,56.86274509803921,30.392156862745097,53.92156862745098,98.0392156862745,85.29411764705883,1.96078431372549,45.09803921568628,100,NA,NA
Darwin Espinal,7.43,90.9090909090909,75.75757575757575,57.57575757575758,50,60.60606060606061,68.18181818181817,95.45454545454544,54.54545454545454,37.878787878787875,40.909090909090914,83.33333333333334,59.09090909090909,53.03030303030303,43.93939393939394,51.51515151515152,59.09090909090909,34.84848484848485,57.57575757575758,42.42424242424242,59.09090909090909,9.090909090909092,15.151515151515152,33.33333333333333,80.3030303030303,18.181818181818183,57.57575757575758,74.24242424242425,37.878787878787875,100,100,65.15151515151516,NA
Joshua Ramos,7.38,0,87.5,84.375,3.125,3.125,0,37.5,46.875,59.375,59.375,93.75,81.25,6.25,100,34.375,90.625,87.5,62.5,93.75,100,93.75,93.75,62.5,71.875,53.125,53.125,93.75,6.25,34.375,100,81.25,93.75
Nathan Messer,7.38,78.125,90.625,56.25,65.625,43.75,46.875,31.25,87.5,87.5,37.5,37.5,62.5,87.5,46.875,50,37.5,59.375,90.625,62.5,59.375,81.25,56.25,56.25,65.625,43.75,50,62.5,50,43.75,100,87.5,NA
Derek Waldeck,7.37,68.75,9.375,50,90.625,62.5,53.125,34.375,62.5,81.25,68.75,15.625,9.375,100,50,25,56.25,78.125,65.625,56.25,56.25,59.375,62.5,34.375,34.375,31.25,87.5,71.875,37.5,65.625,100,37.5,NA
Juan Obregon,7.34,72.41379310344827,93.10344827586206,82.75862068965517,82.75862068965517,89.65517241379311,93.10344827586206,75.86206896551724,27.58620689655172,65.51724137931035,68.96551724137932,34.48275862068966,31.03448275862069,79.3103448275862,58.620689655172406,41.37931034482759,100,27.58620689655172,37.93103448275862,79.3103448275862,93.10344827586206,31.03448275862069,65.51724137931035,34.48275862068966,82.75862068965517,55.172413793103445,58.620689655172406,48.27586206896552,79.3103448275862,31.03448275862069,100,100,89.65517241379311
Mark Doyle,7.32,86.36363636363636,56.060606060606055,87.87878787878788,37.878787878787875,68.18181818181817,31.818181818181817,36.36363636363637,46.96969696969697,NA,NA,12.12121212121212,4.545454545454546,36.36363636363637,56.060606060606055,50,75.75757575757575,95.45454545454544,39.39393939393939,90.9090909090909,81.81818181818183,75.75757575757575,92.42424242424242,74.24242424242425,21.21212121212121,84.84848484848484,72.72727272727273,30.303030303030305,28.78787878787879,100,100,81.81818181818183,NA
Luis Gil,7.3,77.27272727272727,72.72727272727273,0,62.121212121212125,74.24242424242425,51.51515151515152,60.60606060606061,90.9090909090909,84.84848484848484,71.21212121212122,7.575757575757576,36.36363636363637,45.45454545454545,75.75757575757575,57.57575757575758,9.090909090909092,36.36363636363637,81.81818181818183,1.5151515151515151,68.18181818181817,57.57575757575758,83.33333333333334,36.36363636363637,63.63636363636363,1.5151515151515151,37.878787878787875,51.51515151515152,89.39393939393939,66.66666666666666,100,60.60606060606061,NA
Jerry Desdunes,7.29,69.6969696969697,37.878787878787875,80.3030303030303,80.3030303030303,84.84848484848484,83.33333333333334,74.24242424242425,86.36363636363636,72.72727272727273,62.121212121212125,81.81818181818183,63.63636363636363,78.78787878787878,92.42424242424242,30.303030303030305,81.81818181818183,12.12121212121212,13.636363636363637,56.060606060606055,60.60606060606061,25.75757575757576,19.696969696969695,NA,54.54545454545454,22.727272727272727,62.121212121212125,18.181818181818183,74.24242424242425,60.60606060606061,100,54.54545454545454,84.84848484848484
Walmer Martinez,7.28,90.625,75,78.125,93.75,93.75,65.625,93.75,50,43.75,21.875,87.5,75,93.75,53.125,15.625,21.875,43.75,53.125,46.875,37.5,25,46.875,18.75,78.125,12.5,81.25,84.375,31.25,100,100,78.125,NA
Shavon John-Brown,7.28,66.66666666666666,15.151515151515152,77.27272727272727,53.03030303030303,53.03030303030303,48.48484848484848,71.21212121212122,77.27272727272727,19.696969696969695,22.727272727272727,86.36363636363636,93.93939393939394,30.303030303030305,63.63636363636363,16.666666666666664,71.21212121212122,43.93939393939394,50,83.33333333333334,93.93939393939394,65.15151515151516,81.81818181818183,43.93939393939394,30.303030303030305,13.636363636363637,63.63636363636363,16.666666666666664,78.78787878787878,51.51515151515152,100,16.666666666666664,NA
David Garcia,7.27,0,73.46938775510205,0,67.3469387755102,40.81632653061224,85.71428571428571,51.02040816326531,63.26530612244898,NA,NA,63.26530612244898,100,75.51020408163265,65.3061224489796,32.6530612244898,44.89795918367347,46.93877551020408,77.55102040816327,48.97959183673469,69.38775510204081,75.51020408163265,67.3469387755102,32.6530612244898,95.91836734693877,36.734693877551024,22.448979591836736,NA,42.857142857142854,63.26530612244898,100,NA,NA
Jordan Skelton,7.26,87.75510204081633,69.38775510204081,0,40.81632653061224,51.02040816326531,26.53061224489796,24.489795918367346,36.734693877551024,NA,NA,NA,NA,46.93877551020408,77.55102040816327,46.93877551020408,30.612244897959183,55.10204081632652,30.612244897959183,77.55102040816327,79.59183673469387,87.75510204081633,79.59183673469387,59.18367346938776,85.71428571428571,38.775510204081634,20.40816326530612,NA,46.93877551020408,100,100,79.59183673469387,NA
Masashi Wada,7.22,31.818181818181817,16.666666666666664,0,74.24242424242425,45.45454545454545,59.09090909090909,18.181818181818183,69.6969696969697,34.84848484848485,27.27272727272727,72.72727272727273,83.33333333333334,66.66666666666666,36.36363636363637,80.3030303030303,66.66666666666666,57.57575757575758,39.39393939393939,78.78787878787878,90.9090909090909,78.78787878787878,87.87878787878788,19.696969696969695,12.12121212121212,80.3030303030303,53.03030303030303,65.15151515151516,71.21212121212122,42.42424242424242,100,30.303030303030305,NA
Lucky Opara,7.22,0,50,93.75,53.125,59.375,81.25,90.625,93.75,75,56.25,46.875,40.625,37.5,87.5,56.25,6.25,34.375,100,9.375,0,62.5,31.25,53.125,43.75,65.625,31.25,NA,59.375,75,100,43.75,100
Zane Bubb,7.2,0,75.51020408163265,0,91.83673469387756,59.18367346938776,83.6734693877551,71.42857142857143,89.79591836734694,93.87755102040816,81.63265306122449,87.75510204081633,65.3061224489796,93.87755102040816,73.46938775510205,26.53061224489796,20.40816326530612,89.79591836734694,42.857142857142854,69.38775510204081,83.6734693877551,71.42857142857143,85.71428571428571,100,NA,57.14285714285714,59.18367346938776,79.59183673469387,32.6530612244898,30.612244897959183,100,59.18367346938776,NA
Camron Miller,7.19,85.71428571428571,95.91836734693877,0,87.75510204081633,73.46938775510205,42.857142857142854,22.448979591836736,NA,NA,NA,44.89795918367347,100,87.75510204081633,89.79591836734694,53.06122448979592,48.97959183673469,4.081632653061225,8.16326530612245,83.6734693877551,95.91836734693877,95.91836734693877,89.79591836734694,67.3469387755102,77.55102040816327,6.122448979591836,46.93877551020408,NA,83.6734693877551,59.18367346938776,12.244897959183673,73.46938775510205,NA
Max Schneider,7.19,56.41025641025641,87.17948717948718,0,76.92307692307693,38.46153846153847,51.28205128205128,46.15384615384615,76.92307692307693,69.23076923076923,56.41025641025641,25.64102564102564,69.23076923076923,89.74358974358975,69.23076923076923,43.58974358974359,76.92307692307693,76.92307692307693,66.66666666666666,92.3076923076923,51.28205128205128,94.87179487179486,69.23076923076923,89.74358974358975,46.15384615384615,94.87179487179486,79.48717948717949,41.02564102564102,30.76923076923077,35.8974358974359,100,89.74358974358975,NA
Luca Mastrantonio,7.18,91.83673469387756,71.42857142857143,0,89.79591836734694,75.51020408163265,67.3469387755102,77.55102040816327,44.89795918367347,NA,NA,73.46938775510205,61.224489795918366,91.83673469387756,69.38775510204081,40.81632653061224,18.367346938775512,79.59183673469387,32.6530612244898,100,93.87755102040816,100,81.63265306122449,53.06122448979592,NA,20.40816326530612,77.55102040816327,NA,75.51020408163265,73.46938775510205,100,89.79591836734694,NA
Connor Evans,7.17,65.625,100,75,25,28.125,87.5,53.125,100,100,100,31.25,18.75,43.75,81.25,28.125,71.875,31.25,28.125,21.875,15.625,15.625,0,37.5,100,37.5,62.5,59.375,78.125,50,100,65.625,NA
Andre Lewis,7.17,0,56.41025641025641,69.23076923076923,94.87179487179486,89.74358974358975,46.15384615384615,94.87179487179486,48.717948717948715,NA,NA,87.17948717948718,84.61538461538461,79.48717948717949,53.84615384615385,33.33333333333333,43.58974358974359,23.076923076923077,25.64102564102564,35.8974358974359,76.92307692307693,35.8974358974359,66.66666666666666,38.46153846153847,64.1025641025641,2.564102564102564,87.17948717948718,76.92307692307693,15.384615384615383,76.92307692307693,100,61.53846153846154,NA
Harrison Robledo,7.16,55.55555555555556,27.083333333333332,49.30555555555556,59.02777777777778,86.80555555555556,18.055555555555554,54.861111111111114,76.38888888888889,NA,NA,89.58333333333334,33.33333333333333,67.36111111111111,82.63888888888889,0.6944444444444444,85.41666666666666,90.2777777777778,79.86111111111111,84.02777777777779,13.88888888888889,4.861111111111112,100,81.94444444444444,40.97222222222222,75.69444444444444,68.05555555555556,100,2.7777777777777777,13.88888888888889,1.3888888888888888,43.05555555555556,95.83333333333334
Christian Chaney,7.15,75.86206896551724,82.75862068965517,62.06896551724138,62.06896551724138,44.827586206896555,37.93103448275862,72.41379310344827,62.06896551724138,75.86206896551724,100,37.93103448275862,51.72413793103448,72.41379310344827,75.86206896551724,13.79310344827586,65.51724137931035,31.03448275862069,62.06896551724138,65.51724137931035,79.3103448275862,82.75862068965517,93.10344827586206,72.41379310344827,65.51724137931035,58.620689655172406,31.03448275862069,13.79310344827586,72.41379310344827,24.13793103448276,100,62.06896551724138,NA
Jimmie Villalobos,7.14,63.63636363636363,34.84848484848485,63.63636363636363,95.45454545454544,92.42424242424242,78.78787878787878,71.21212121212122,45.45454545454545,NA,NA,43.93939393939394,75.75757575757575,74.24242424242425,12.12121212121212,90.9090909090909,3.0303030303030303,60.60606060606061,72.72727272727273,4.545454545454546,56.060606060606055,33.33333333333333,40.909090909090914,37.878787878787875,65.15151515151516,10.606060606060606,40.909090909090914,24.24242424242424,43.93939393939394,65.15151515151516,100,27.27272727272727,NA
Andres Ferrin,7.12,54.54545454545454,50,51.51515151515152,16.666666666666664,10.606060606060606,24.24242424242424,13.636363636363637,56.060606060606055,60.60606060606061,80.3030303030303,36.36363636363637,16.666666666666664,48.48484848484848,68.18181818181817,72.72727272727273,43.93939393939394,75.75757575757575,66.66666666666666,57.57575757575758,45.45454545454545,71.21212121212122,68.18181818181817,89.39393939393939,13.636363636363637,50,45.45454545454545,39.39393939393939,22.727272727272727,30.303030303030305,100,46.96969696969697,81.81818181818183
Chapa Herrera,7.12,53.84615384615385,48.717948717948715,71.7948717948718,82.05128205128204,79.48717948717949,56.41025641025641,66.66666666666666,69.23076923076923,46.15384615384615,76.92307692307693,92.3076923076923,87.17948717948718,82.05128205128204,43.58974358974359,30.76923076923077,87.17948717948718,71.7948717948718,20.51282051282051,84.61538461538461,87.17948717948718,10.256410256410255,10.256410256410255,71.7948717948718,71.7948717948718,51.28205128205128,100,84.61538461538461,53.84615384615385,74.35897435897436,2.564102564102564,38.46153846153847,NA
Nils Seufert,7.12,28.78787878787879,4.545454545454546,72.72727272727273,90.9090909090909,40.909090909090914,95.45454545454544,54.54545454545454,83.33333333333334,92.42424242424242,100,33.33333333333333,81.81818181818183,84.84848484848484,15.151515151515152,78.78787878787878,24.24242424242424,54.54545454545454,34.84848484848485,37.878787878787875,75.75757575757575,62.121212121212125,51.51515151515152,69.6969696969697,10.606060606060606,40.909090909090914,69.6969696969697,53.03030303030303,50,100,100,6.0606060606060606,NA
Charlie Ostrem,7.1,NA,NA,NA,NA,NA,NA,NA,NA,NA,NA,NA,NA,NA,NA,NA,NA,NA,NA,NA,NA,NA,NA,NA,NA,NA,NA,NA,NA,NA,NA,NA,NA
Conor McGlynn,7.1,94.87179487179486,66.66666666666666,94.87179487179486,100,87.17948717948718,100,82.05128205128204,74.35897435897436,NA,NA,33.33333333333333,69.23076923076923,84.61538461538461,56.41025641025641,94.87179487179486,12.82051282051282,51.28205128205128,69.23076923076923,12.82051282051282,74.35897435897436,30.76923076923077,76.92307692307693,64.1025641025641,30.76923076923077,17.94871794871795,20.51282051282051,48.717948717948715,48.717948717948715,48.717948717948715,100,79.48717948717949,NA
Philip Spengler,7.08,78.78787878787878,80.3030303030303,69.6969696969697,54.54545454545454,48.48484848484848,63.63636363636363,46.96969696969697,66.66666666666666,50,83.33333333333334,50,30.303030303030305,56.060606060606055,48.48484848484848,9.090909090909092,93.93939393939394,53.03030303030303,71.21212121212122,45.45454545454545,13.636363636363637,4.545454545454546,4.545454545454546,39.39393939393939,84.84848484848484,83.33333333333334,59.09090909090909,34.84848484848485,21.21212121212121,31.818181818181817,1.5151515151515151,86.36363636363636,NA
Fabrice Ngah,7.08,100,62.5,0,46.875,50,100,87.5,65.625,65.625,40.625,62.5,40.625,50,56.25,81.25,50,93.75,68.75,71.875,84.375,53.125,90.625,50,59.375,59.375,93.75,81.25,25,100,100,90.625,NA
Jack Denton,7.08,66.66666666666666,38.46153846153847,0,92.3076923076923,100,71.7948717948718,84.61538461538461,51.28205128205128,NA,NA,74.35897435897436,66.66666666666666,94.87179487179486,61.53846153846154,10.256410256410255,61.53846153846154,100,64.1025641025641,89.74358974358975,92.3076923076923,NA,NA,58.97435897435898,66.66666666666666,53.84615384615385,89.74358974358975,92.3076923076923,69.23076923076923,43.58974358974359,100,41.02564102564102,NA
Kempes Tekiela,7.07,65.51724137931035,27.58620689655172,89.65517241379311,68.96551724137932,55.172413793103445,86.20689655172413,51.72413793103448,93.10344827586206,NA,NA,100,75.86206896551724,48.27586206896552,17.24137931034483,10.344827586206897,44.827586206896555,10.344827586206897,10.344827586206897,75.86206896551724,86.20689655172413,55.172413793103445,75.86206896551724,NA,37.93103448275862,17.24137931034483,82.75862068965517,10.344827586206897,NA,100,100,48.27586206896552,NA
Solomon Asante,7.05,62.06896551724138,3.4482758620689653,65.51724137931035,93.10344827586206,93.10344827586206,62.06896551724138,27.58620689655172,72.41379310344827,NA,NA,82.75862068965517,82.75862068965517,68.96551724137932,3.4482758620689653,48.27586206896552,17.24137931034483,93.10344827586206,44.827586206896555,27.58620689655172,58.620689655172406,3.4482758620689653,3.4482758620689653,58.620689655172406,34.48275862068966,3.4482758620689653,89.65517241379311,31.03448275862069,55.172413793103445,62.06896551724138,100,27.58620689655172,NA
Eduardo Blancas,7.05,92.42424242424242,69.6969696969697,39.39393939393939,72.72727272727273,50,77.27272727272727,46.96969696969697,43.93939393939394,69.6969696969697,60.60606060606061,22.727272727272727,27.27272727272727,60.60606060606061,22.727272727272727,59.09090909090909,10.606060606060606,16.666666666666664,21.21212121212121,0,3.0303030303030303,21.21212121212121,37.878787878787875,24.24242424242424,40.909090909090914,31.818181818181817,7.575757575757576,48.48484848484848,90.9090909090909,22.727272727272727,100,93.93939393939394,NA
Tyler Polak,7.04,0,31.25,0,75,84.375,37.5,40.625,37.5,50,87.5,40.625,78.125,56.25,25,53.125,59.375,71.875,43.75,65.625,78.125,43.75,34.375,81.25,31.25,40.625,78.125,43.75,28.125,31.25,100,34.375,NA
Gabriel Alves,7.03,75,46.875,81.25,81.25,46.875,56.25,25,71.875,90.625,90.625,68.75,93.75,78.125,43.75,43.75,62.5,15.625,0,59.375,87.5,71.875,84.375,59.375,37.5,62.5,40.625,75,81.25,28.125,100,71.875,NA
Dion Acoff,7.02,NA,NA,NA,NA,NA,NA,NA,NA,NA,NA,NA,NA,NA,NA,NA,NA,NA,NA,NA,NA,NA,NA,NA,NA,NA,NA,NA,NA,NA,NA,NA,NA
Ollie Wright,7,71.21212121212122,71.21212121212122,66.66666666666666,77.27272727272727,28.78787878787879,74.24242424242425,30.303030303030305,37.878787878787875,59.09090909090909,53.03030303030303,75.75757575757575,60.60606060606061,83.33333333333334,34.84848484848485,42.42424242424242,16.666666666666664,28.78787878787879,37.878787878787875,15.151515151515152,19.696969696969695,15.151515151515152,15.151515151515152,86.36363636363636,72.72727272727273,16.666666666666664,66.66666666666666,42.42424242424242,15.151515151515152,18.181818181818183,100,80.3030303030303,NA
Noah Powder,7,69.23076923076923,41.02564102564102,100,35.8974358974359,48.717948717948715,48.717948717948715,100,100,100,74.35897435897436,76.92307692307693,35.8974358974359,41.02564102564102,71.7948717948718,64.1025641025641,30.76923076923077,61.53846153846154,92.3076923076923,23.076923076923077,35.8974358974359,25.64102564102564,43.58974358974359,7.6923076923076925,38.46153846153847,66.66666666666666,10.256410256410255,51.28205128205128,89.74358974358975,41.02564102564102,100,43.58974358974359,NA
Osvaldo Lay,7,64.1025641025641,58.97435897435898,82.05128205128204,71.7948717948718,30.76923076923077,92.3076923076923,35.8974358974359,41.02564102564102,NA,NA,100,79.48717948717949,92.3076923076923,10.256410256410255,48.717948717948715,53.84615384615385,84.61538461538461,48.717948717948715,94.87179487179486,79.48717948717949,76.92307692307693,61.53846153846154,84.61538461538461,NA,43.58974358974359,69.23076923076923,66.66666666666666,12.82051282051282,20.51282051282051,100,33.33333333333333,NA
Jonathan Bolanos,7,82.05128205128204,33.33333333333333,0,23.076923076923077,58.97435897435898,20.51282051282051,92.3076923076923,94.87179487179486,64.1025641025641,48.717948717948715,94.87179487179486,33.33333333333333,23.076923076923077,100,12.82051282051282,46.15384615384615,48.717948717948715,33.33333333333333,46.15384615384615,15.384615384615383,15.384615384615383,17.94871794871795,48.717948717948715,53.84615384615385,25.64102564102564,41.02564102564102,69.23076923076923,5.128205128205128,51.28205128205128,100,71.7948717948718,94.87179487179486
Maximiliano Schenfeld,6.99,0,84.375,100,71.875,65.625,28.125,28.125,81.25,84.375,53.125,84.375,68.75,84.375,6.25,78.125,75,68.75,78.125,78.125,34.375,31.25,78.125,68.75,87.5,81.25,71.875,90.625,9.375,3.125,100,50,NA
Javier Mariona,6.97,39.39393939393939,95.45454545454544,54.54545454545454,71.21212121212122,86.36363636363636,53.03030303030303,75.75757575757575,72.72727272727273,22.727272727272727,27.27272727272727,53.03030303030303,40.909090909090914,62.121212121212125,100,87.87878787878788,78.78787878787878,9.090909090909092,7.575757575757576,40.909090909090914,86.36363636363636,39.39393939393939,56.060606060606055,56.060606060606055,100,33.33333333333333,56.060606060606055,19.696969696969695,69.6969696969697,100,100,62.121212121212125,NA
Declan Watters,6.96,83.6734693877551,42.857142857142854,0,0,2.0408163265306123,14.285714285714285,36.734693877551024,83.6734693877551,79.59183673469387,100,NA,NA,0,100,57.14285714285714,28.57142857142857,61.224489795918366,40.81632653061224,79.59183673469387,38.775510204081634,89.79591836734694,51.02040816326531,22.448979591836736,NA,30.612244897959183,6.122448979591836,NA,18.367346938775512,61.224489795918366,100,69.38775510204081,NA
Mason Tunbridge,6.96,95.45454545454544,78.78787878787878,46.96969696969697,60.60606060606061,30.303030303030305,92.42424242424242,63.63636363636363,57.57575757575758,89.39393939393939,78.78787878787878,60.60606060606061,28.78787878787879,63.63636363636363,50,56.060606060606055,48.48484848484848,15.151515151515152,21.21212121212121,19.696969696969695,31.818181818181817,43.93939393939394,72.72727272727273,NA,56.060606060606055,39.39393939393939,24.24242424242424,69.6969696969697,84.84848484848484,33.33333333333333,100,89.39393939393939,89.39393939393939
Derek Gebhard,6.95,81.81818181818183,22.727272727272727,0,31.818181818181817,89.39393939393939,19.696969696969695,57.57575757575758,40.909090909090914,24.24242424242424,40.909090909090914,45.45454545454545,66.66666666666666,6.0606060606060606,65.15151515151516,40.909090909090914,83.33333333333334,6.0606060606060606,21.21212121212121,27.27272727272727,89.39393939393939,37.878787878787875,36.36363636363637,25.75757575757576,18.181818181818183,3.0303030303030303,10.606060606060606,59.09090909090909,93.93939393939394,62.121212121212125,100,50,95.45454545454544
Karsen Henderlong,6.94,68.96551724137932,17.24137931034483,79.3103448275862,41.37931034482759,34.48275862068966,20.689655172413794,37.93103448275862,51.72413793103448,62.06896551724138,62.06896551724138,86.20689655172413,58.620689655172406,58.620689655172406,37.93103448275862,20.689655172413794,51.72413793103448,44.827586206896555,17.24137931034483,86.20689655172413,62.06896551724138,86.20689655172413,89.65517241379311,51.72413793103448,75.86206896551724,75.86206896551724,48.27586206896552,75.86206896551724,13.79310344827586,75.86206896551724,6.896551724137931,34.48275862068966,NA
Brecc Evans,6.94,77.55102040816327,61.224489795918366,0,26.53061224489796,16.3265306122449,69.38775510204081,32.6530612244898,55.10204081632652,NA,NA,NA,NA,36.734693877551024,63.26530612244898,100,12.244897959183673,26.53061224489796,14.285714285714285,26.53061224489796,65.3061224489796,59.18367346938776,44.89795918367347,40.81632653061224,87.75510204081633,0,44.89795918367347,NA,65.3061224489796,51.02040816326531,100,65.3061224489796,NA
Stuart Ritchie,6.94,81.25,18.75,0,37.5,25,68.75,43.75,90.625,93.75,84.375,53.125,34.375,59.375,40.625,65.625,25,21.875,50,43.75,43.75,78.125,87.5,40.625,46.875,71.875,34.375,87.5,75,71.875,0,53.125,NA
Anthony Sorenson,6.93,84.375,56.25,65.625,28.125,56.25,75,75,75,18.75,12.5,56.25,40.625,15.625,84.375,62.5,53.125,12.5,0,40.625,46.875,50,59.375,28.125,50,15.625,68.75,NA,53.125,46.875,100,68.75,NA
Brandon Fricke,6.92,0,61.224489795918366,0,81.63265306122449,57.14285714285714,63.26530612244898,42.857142857142854,69.38775510204081,NA,NA,NA,NA,79.59183673469387,51.02040816326531,12.244897959183673,26.53061224489796,53.06122448979592,59.18367346938776,61.224489795918366,73.46938775510205,85.71428571428571,61.224489795918366,73.46938775510205,73.46938775510205,2.0408163265306123,79.59183673469387,NA,53.06122448979592,51.02040816326531,100,NA,NA
Niall Reid-Stephen,6.91,51.51515151515152,54.54545454545454,74.24242424242425,34.84848484848485,43.93939393939394,39.39393939393939,36.36363636363637,50,42.42424242424242,21.21212121212121,30.303030303030305,10.606060606060606,39.39393939393939,87.87878787878788,18.181818181818183,63.63636363636363,45.45454545454545,78.78787878787878,63.63636363636363,54.54545454545454,92.42424242424242,96.96969696969695,75.75757575757575,24.24242424242424,72.72727272727273,68.18181818181817,89.39393939393939,75.75757575757575,100,100,37.878787878787875,87.87878787878788
Eric Kinzner,6.91,0,51.02040816326531,0,2.0408163265306123,0,38.775510204081634,14.285714285714285,34.69387755102041,NA,NA,NA,NA,6.122448979591836,57.14285714285714,28.57142857142857,34.69387755102041,36.734693877551024,44.89795918367347,34.69387755102041,55.10204081632652,63.26530612244898,53.06122448979592,6.122448979591836,63.26530612244898,42.857142857142854,34.69387755102041,NA,85.71428571428571,18.367346938775512,100,71.42857142857143,NA
Bachir Ndiaye,6.9,58.97435897435898,30.76923076923077,0,56.41025641025641,53.84615384615385,25.64102564102564,28.205128205128204,43.58974358974359,NA,NA,56.41025641025641,35.8974358974359,48.717948717948715,76.92307692307693,15.384615384615383,100,58.97435897435898,17.94871794871795,100,71.7948717948718,92.3076923076923,82.05128205128204,33.33333333333333,58.97435897435898,100,58.97435897435898,82.05128205128204,33.33333333333333,30.76923076923077,100,51.28205128205128,89.74358974358975
Sivert Haugli,6.9,61.53846153846154,71.7948717948718,0,74.35897435897436,51.28205128205128,64.1025641025641,56.41025641025641,12.82051282051282,NA,NA,12.82051282051282,10.256410256410255,69.23076923076923,64.1025641025641,53.84615384615385,58.97435897435898,10.256410256410255,33.33333333333333,71.7948717948718,53.84615384615385,100,74.35897435897436,25.64102564102564,33.33333333333333,28.205128205128204,66.66666666666666,17.94871794871795,79.48717948717949,7.6923076923076925,100,66.66666666666666,NA
Azaad Liadi,6.89,55.172413793103445,55.172413793103445,75.86206896551724,17.24137931034483,17.24137931034483,75.86206896551724,62.06896551724138,75.86206896551724,NA,NA,62.06896551724138,27.58620689655172,62.06896551724138,44.827586206896555,34.48275862068966,93.10344827586206,48.27586206896552,34.48275862068966,93.10344827586206,75.86206896551724,93.10344827586206,72.41379310344827,100,24.13793103448276,100,51.72413793103448,65.51724137931035,75.86206896551724,44.827586206896555,100,55.172413793103445,NA
Max Glasser,6.89,0,0,62.5,6.25,12.5,18.75,6.25,12.5,56.25,71.875,28.125,18.75,12.5,0,68.75,46.875,46.875,37.5,12.5,50,9.375,21.875,84.375,NA,34.375,18.75,NA,71.875,25,100,NA,NA
Anuar Pelaez,6.89,89.65517241379311,62.06896551724138,86.20689655172413,0,62.06896551724138,10.344827586206897,100,17.24137931034483,NA,NA,51.72413793103448,89.65517241379311,6.896551724137931,72.41379310344827,27.58620689655172,68.96551724137932,17.24137931034483,44.827586206896555,48.27586206896552,51.72413793103448,48.27586206896552,58.620689655172406,62.06896551724138,51.72413793103448,82.75862068965517,6.896551724137931,34.48275862068966,68.96551724137932,34.48275862068966,100,51.72413793103448,82.75862068965517
Jordan Ayimbila,6.88,0,21.875,0,0,0,6.25,0,18.75,37.5,46.875,90.625,100,0,21.875,0,15.625,90.625,59.375,87.5,40.625,75,71.875,93.75,53.125,84.375,90.625,53.125,15.625,18.75,100,NA,NA
Jake Dengler,6.88,81.63265306122449,81.63265306122449,0,44.89795918367347,30.612244897959183,93.87755102040816,65.3061224489796,51.02040816326531,77.55102040816327,85.71428571428571,61.224489795918366,100,48.97959183673469,85.71428571428571,100,57.14285714285714,42.857142857142854,61.224489795918366,51.02040816326531,77.55102040816327,69.38775510204081,57.14285714285714,10.20408163265306,59.18367346938776,46.93877551020408,42.857142857142854,NA,87.75510204081633,65.3061224489796,14.285714285714285,67.3469387755102,NA
Michel Poon-Angeron,6.88,0,5.128205128205128,76.92307692307693,79.48717948717949,64.1025641025641,79.48717948717949,53.84615384615385,46.15384615384615,43.58974358974359,48.717948717948715,23.076923076923077,17.94871794871795,74.35897435897436,15.384615384615383,71.7948717948718,2.564102564102564,82.05128205128204,33.33333333333333,17.94871794871795,20.51282051282051,28.205128205128204,25.64102564102564,69.23076923076923,NA,58.97435897435898,94.87179487179486,38.46153846153847,51.28205128205128,38.46153846153847,100,28.205128205128204,NA
Aaron Walker,6.87,30.303030303030305,10.606060606060606,40.909090909090914,92.42424242424242,93.93939393939394,96.96969696969695,90.9090909090909,16.666666666666664,33.33333333333333,74.24242424242425,28.78787878787879,87.87878787878788,68.18181818181817,18.181818181818183,60.60606060606061,39.39393939393939,50,53.03030303030303,31.818181818181817,87.87878787878788,56.060606060606055,43.93939393939394,27.27272727272727,19.696969696969695,9.090909090909092,65.15151515151516,12.12121212121212,87.87878787878788,59.09090909090909,100,19.696969696969695,NA
Matthew Bentley,6.87,82.75862068965517,41.37931034482759,0,10.344827586206897,6.896551724137931,82.75862068965517,58.620689655172406,51.72413793103448,NA,NA,44.827586206896555,58.620689655172406,20.689655172413794,31.03448275862069,79.3103448275862,62.06896551724138,86.20689655172413,44.827586206896555,68.96551724137932,27.58620689655172,62.06896551724138,27.58620689655172,86.20689655172413,20.689655172413794,62.06896551724138,34.48275862068966,44.827586206896555,48.27586206896552,48.27586206896552,100,68.96551724137932,86.20689655172413
Nick Spielman,6.86,0,16.3265306122449,0,63.26530612244898,85.71428571428571,46.93877551020408,75.51020408163265,48.97959183673469,NA,NA,67.3469387755102,100,44.89795918367347,44.89795918367347,34.69387755102041,24.489795918367346,24.489795918367346,22.448979591836736,16.3265306122449,67.3469387755102,28.57142857142857,63.26530612244898,26.53061224489796,NA,8.16326530612245,61.224489795918366,NA,51.02040816326531,67.3469387755102,100,NA,NA
Javen Romero,6.85,0,0,0,40,56.8,90.4,86.4,NA,NA,NA,NA,NA,37.6,NA,40,54.400000000000006,92.8,70.39999999999999,32,8,5.6000000000000005,3.2,82.39999999999999,NA,66.4,94.4,NA,29.6,4.8,100,NA,NA
Ualefi Rodrigues,6.84,0,7.6923076923076925,0,15.384615384615383,15.384615384615383,41.02564102564102,41.02564102564102,17.94871794871795,NA,NA,58.97435897435898,87.17948717948718,7.6923076923076925,7.6923076923076925,89.74358974358975,28.205128205128204,79.48717948717949,87.17948717948718,25.64102564102564,66.66666666666666,38.46153846153847,58.97435897435898,41.02564102564102,51.28205128205128,12.82051282051282,76.92307692307693,61.53846153846154,25.64102564102564,100,100,NA,NA
Mikkel Goeling,6.84,48.48484848484848,36.36363636363637,0,18.181818181818183,12.12121212121212,43.93939393939394,51.51515151515152,42.42424242424242,NA,NA,37.878787878787875,71.21212121212122,10.606060606060606,42.42424242424242,69.6969696969697,22.727272727272727,37.878787878787875,18.181818181818183,86.36363636363636,46.96969696969697,96.96969696969695,53.03030303030303,71.21212121212122,62.121212121212125,34.84848484848485,54.54545454545454,33.33333333333333,31.818181818181817,57.57575757575758,100,48.48484848484848,NA
Isidro Martinez,6.84,76.92307692307693,46.15384615384615,89.74358974358975,30.76923076923077,28.205128205128204,33.33333333333333,23.076923076923077,89.74358974358975,87.17948717948718,61.53846153846154,61.53846153846154,92.3076923076923,30.76923076923077,23.076923076923077,56.41025641025641,41.02564102564102,89.74358974358975,76.92307692307693,66.66666666666666,43.58974358974359,41.02564102564102,23.076923076923077,76.92307692307693,41.02564102564102,79.48717948717949,28.205128205128204,NA,17.94871794871795,66.66666666666666,100,48.717948717948715,NA
Chandler O'Dwyer,6.82,65.15151515151516,65.15151515151516,65.15151515151516,22.727272727272727,22.727272727272727,57.57575757575758,87.87878787878788,15.151515151515152,13.636363636363637,89.39393939393939,10.606060606060606,36.36363636363637,7.575757575757576,21.21212121212121,45.45454545454545,72.72727272727273,62.121212121212125,72.72727272727273,84.84848484848484,57.57575757575758,95.45454545454544,56.060606060606055,NA,50,65.15151515151516,9.090909090909092,56.060606060606055,62.121212121212125,63.63636363636363,100,63.63636363636363,NA
Sean Vinberg,6.82,0,34.69387755102041,0,22.448979591836736,32.6530612244898,51.02040816326531,48.97959183673469,32.6530612244898,81.63265306122449,100,79.59183673469387,65.3061224489796,22.448979591836736,22.448979591836736,55.10204081632652,85.71428571428571,32.6530612244898,44.89795918367347,57.14285714285714,53.06122448979592,57.14285714285714,46.93877551020408,12.244897959183673,NA,63.26530612244898,69.38775510204081,77.55102040816327,57.14285714285714,24.489795918367346,100,87.75510204081633,NA
Jonathan Nyandjo,6.82,34.84848484848485,84.84848484848484,45.45454545454545,25.75757575757576,33.33333333333333,37.878787878787875,34.84848484848485,51.51515151515152,51.51515151515152,89.39393939393939,78.78787878787878,48.48484848484848,42.42424242424242,60.60606060606061,7.575757575757576,96.96969696969695,42.42424242424242,78.78787878787878,87.87878787878788,83.33333333333334,66.66666666666666,83.33333333333334,16.666666666666664,75.75757575757575,30.303030303030305,15.151515151515152,21.21212121212121,86.36363636363636,100,100,59.09090909090909,86.36363636363636
Jayden Onen,6.81,62.121212121212125,18.181818181818183,56.060606060606055,45.45454545454545,21.21212121212121,66.66666666666666,50,30.303030303030305,30.303030303030305,63.63636363636363,56.060606060606055,42.42424242424242,33.33333333333333,27.27272727272727,81.81818181818183,18.181818181818183,33.33333333333333,57.57575757575758,13.636363636363637,18.181818181818183,46.96969696969697,30.303030303030305,77.27272727272727,16.666666666666664,54.54545454545454,39.39393939393939,15.151515151515152,39.39393939393939,27.27272727272727,0,33.33333333333333,83.33333333333334
Ozzie Ramos,6.81,0,25.64102564102564,0,48.717948717948715,23.076923076923077,58.97435897435898,12.82051282051282,61.53846153846154,84.61538461538461,58.97435897435898,20.51282051282051,35.8974358974359,58.97435897435898,2.564102564102564,87.17948717948718,23.076923076923077,74.35897435897436,51.28205128205128,48.717948717948715,46.15384615384615,71.7948717948718,84.61538461538461,92.3076923076923,28.205128205128204,38.46153846153847,61.53846153846154,79.48717948717949,0,2.564102564102564,100,23.076923076923077,NA
Jay Tee Kamara,6.81,89.39393939393939,60.60606060606061,0,36.36363636363637,25.75757575757576,72.72727272727273,96.96969696969695,6.0606060606060606,46.96969696969697,19.696969696969695,66.66666666666666,31.818181818181817,37.878787878787875,84.84848484848484,62.121212121212125,57.57575757575758,68.18181818181817,100,30.303030303030305,34.84848484848485,NA,NA,21.21212121212121,45.45454545454545,71.21212121212122,46.96969696969697,96.96969696969695,77.27272727272727,39.39393939393939,100,96.96969696969695,NA
Dani Fernandez,6.81,0,38.775510204081634,0,51.02040816326531,81.63265306122449,89.79591836734694,100,67.3469387755102,NA,NA,57.14285714285714,100,32.6530612244898,48.97959183673469,38.775510204081634,NA,57.14285714285714,63.26530612244898,32.6530612244898,32.6530612244898,61.224489795918366,36.734693877551024,79.59183673469387,71.42857142857143,22.448979591836736,63.26530612244898,NA,73.46938775510205,71.42857142857143,100,63.26530612244898,NA
Pedro Hernandez,6.81,79.3103448275862,24.13793103448276,0,13.79310344827586,24.13793103448276,89.65517241379311,34.48275862068966,3.4482758620689653,68.96551724137932,65.51724137931035,41.37931034482759,48.27586206896552,27.58620689655172,27.58620689655172,31.03448275862069,55.172413793103445,41.37931034482759,13.79310344827586,55.172413793103445,48.27586206896552,34.48275862068966,41.37931034482759,44.827586206896555,62.06896551724138,37.93103448275862,68.96551724137932,41.37931034482759,31.03448275862069,72.41379310344827,100,17.24137931034483,NA
Timmy Mehl,6.8,0,32.608695652173914,0,95.65217391304348,50,95.65217391304348,91.30434782608695,52.17391304347826,76.08695652173914,73.91304347826086,67.3913043478261,43.47826086956522,95.65217391304348,21.73913043478261,67.3913043478261,73.91304347826086,84.78260869565217,50,58.69565217391305,76.08695652173914,28.26086956521739,50,89.13043478260869,41.30434782608695,50,63.04347826086957,86.95652173913044,36.95652173913043,45.65217391304348,15.217391304347828,54.34782608695651,NA
Ben Zakowski,6.79,46.96969696969697,86.36363636363636,42.42424242424242,7.575757575757576,16.666666666666664,28.78787878787879,27.27272727272727,18.181818181818183,54.54545454545454,31.818181818181817,16.666666666666664,45.45454545454545,12.12121212121212,77.27272727272727,54.54545454545454,42.42424242424242,69.6969696969697,48.48484848484848,50,66.66666666666666,60.60606060606061,48.48484848484848,92.42424242424242,69.6969696969697,46.96969696969697,25.75757575757576,40.909090909090914,51.51515151515152,43.93939393939394,100,72.72727272727273,NA
Josh Kirkland,6.79,100,34.48275862068966,68.96551724137932,20.689655172413794,31.03448275862069,13.79310344827586,10.344827586206897,58.620689655172406,79.3103448275862,82.75862068965517,27.58620689655172,13.79310344827586,41.37931034482759,55.172413793103445,44.827586206896555,10.344827586206897,24.13793103448276,44.827586206896555,17.24137931034483,13.79310344827586,37.93103448275862,37.93103448275862,NA,10.344827586206897,0,44.827586206896555,55.172413793103445,17.24137931034483,100,100,72.41379310344827,NA
Prince Saydee,6.79,87.87878787878788,62.121212121212125,0,40.909090909090914,42.42424242424242,4.545454545454546,18.181818181818183,4.545454545454546,31.818181818181817,27.27272727272727,80.3030303030303,71.21212121212122,21.21212121212121,62.121212121212125,89.39393939393939,28.78787878787879,18.181818181818183,100,22.727272727272727,39.39393939393939,51.51515151515152,65.15151515151516,62.121212121212125,33.33333333333333,75.75757575757575,33.33333333333333,57.57575757575758,48.48484848484848,50,100,66.66666666666666,NA
Collin Fernandez,6.78,0,12.727272727272728,49.09090909090909,92.72727272727272,70.9090909090909,100,83.63636363636363,14.545454545454543,21.818181818181817,20,29.09090909090909,83.63636363636363,92.72727272727272,10.909090909090908,74.54545454545455,76.36363636363637,89.0909090909091,38.18181818181819,89.0909090909091,92.72727272727272,61.81818181818181,49.09090909090909,58.18181818181818,25.454545454545453,69.0909090909091,56.36363636363636,27.27272727272727,25.454545454545453,25.454545454545453,100,16.363636363636363,NA
Maciej Bortniczuk,6.78,36.36363636363637,45.45454545454545,81.81818181818183,9.090909090909092,31.818181818181817,40.909090909090914,68.18181818181817,27.27272727272727,48.48484848484848,69.6969696969697,31.818181818181817,50,3.0303030303030303,16.666666666666664,96.96969696969695,53.03030303030303,7.575757575757576,13.636363636363637,6.0606060606060606,15.151515151515152,13.636363636363637,10.606060606060606,65.15151515151516,46.96969696969697,63.63636363636363,90.9090909090909,86.36363636363636,27.27272727272727,16.666666666666664,100,34.84848484848485,NA
Rafael Jauregui,6.77,0,84.61538461538461,74.35897435897436,28.205128205128204,61.53846153846154,7.6923076923076925,17.94871794871795,56.41025641025641,41.02564102564102,41.02564102564102,82.05128205128204,28.205128205128204,25.64102564102564,92.3076923076923,20.51282051282051,48.717948717948715,20.51282051282051,51.28205128205128,28.205128205128204,10.256410256410255,33.33333333333333,15.384615384615383,17.94871794871795,100,20.51282051282051,38.46153846153847,71.7948717948718,43.58974358974359,33.33333333333333,100,64.1025641025641,NA
Owen Green,6.77,0,28.57142857142857,0,4.081632653061225,10.20408163265306,57.14285714285714,79.59183673469387,59.18367346938776,NA,NA,95.91836734693877,69.38775510204081,12.244897959183673,28.57142857142857,100,16.3265306122449,81.63265306122449,44.89795918367347,53.06122448979592,14.285714285714285,34.69387755102041,8.16326530612245,91.83673469387756,NA,16.3265306122449,81.63265306122449,NA,10.20408163265306,20.40816326530612,100,NA,NA
Luke McCormick,6.76,92.3076923076923,74.35897435897436,92.3076923076923,12.82051282051282,41.02564102564102,15.384615384615383,30.76923076923077,79.48717948717949,53.84615384615385,43.58974358974359,89.74358974358975,20.51282051282051,12.82051282051282,87.17948717948718,7.6923076923076925,51.28205128205128,2.564102564102564,10.256410256410255,10.256410256410255,5.128205128205128,7.6923076923076925,5.128205128205128,43.58974358974359,74.35897435897436,48.717948717948715,23.076923076923077,64.1025641025641,10.256410256410255,64.1025641025641,100,84.61538461538461,NA
Clay Dimick,6.76,68.75,37.5,50,31.25,90.625,31.25,65.625,59.375,68.75,81.25,15.625,37.5,9.375,62.5,93.75,0,0,0,0,25,28.125,40.625,3.125,NA,3.125,0,46.875,84.375,81.25,100,37.5,NA
Jon Bakero,6.76,71.7948717948718,94.87179487179486,87.17948717948718,51.28205128205128,71.7948717948718,30.76923076923077,64.1025641025641,87.17948717948718,92.3076923076923,69.23076923076923,38.46153846153847,35.8974358974359,46.15384615384615,82.05128205128204,38.46153846153847,20.51282051282051,5.128205128205128,100,5.128205128205128,89.74358974358975,58.97435897435898,100,10.256410256410255,NA,0,7.6923076923076925,53.84615384615385,87.17948717948718,71.7948717948718,100,92.3076923076923,NA
Stavros Zarokostas,6.76,0,57.57575757575758,92.42424242424242,1.5151515151515151,6.0606060606060606,21.21212121212121,9.090909090909092,53.03030303030303,75.75757575757575,65.15151515151516,62.121212121212125,25.75757575757576,16.666666666666664,95.45454545454544,68.18181818181817,19.696969696969695,72.72727272727273,21.21212121212121,54.54545454545454,7.575757575757576,31.818181818181817,31.818181818181817,57.57575757575758,81.81818181818183,100,42.42424242424242,25.75757575757576,7.575757575757576,9.090909090909092,100,42.42424242424242,NA
Guilherme Franca,6.76,89.79591836734694,46.93877551020408,0,34.69387755102041,20.40816326530612,77.55102040816327,26.53061224489796,38.775510204081634,NA,NA,NA,NA,55.10204081632652,61.224489795918366,42.857142857142854,83.6734693877551,51.02040816326531,36.734693877551024,65.3061224489796,48.97959183673469,65.3061224489796,59.18367346938776,81.63265306122449,NA,89.79591836734694,87.75510204081633,83.6734693877551,40.81632653061224,16.3265306122449,100,81.63265306122449,NA
Alexis Cerritos,6.75,86.20689655172413,44.827586206896555,0,100,100,100,79.3103448275862,44.827586206896555,NA,NA,79.3103448275862,93.10344827586206,100,34.48275862068966,17.24137931034483,27.58620689655172,89.65517241379311,100,20.689655172413794,44.827586206896555,10.344827586206897,44.827586206896555,79.3103448275862,17.24137931034483,51.72413793103448,65.51724137931035,27.58620689655172,41.37931034482759,20.689655172413794,100,79.3103448275862,NA
Omar Ciss,6.74,0,28.205128205128204,0,46.15384615384615,76.92307692307693,76.92307692307693,76.92307692307693,33.33333333333333,NA,NA,46.15384615384615,35.8974358974359,33.33333333333333,46.15384615384615,46.15384615384615,74.35897435897436,41.02564102564102,33.33333333333333,41.02564102564102,66.66666666666666,12.82051282051282,43.58974358974359,35.8974358974359,48.717948717948715,56.41025641025641,82.05128205128204,28.205128205128204,58.97435897435898,28.205128205128204,100,20.51282051282051,NA
Angelo Kelly-Rosales,6.74,74.35897435897436,61.53846153846154,0,53.84615384615385,56.41025641025641,28.205128205128204,30.76923076923077,84.61538461538461,66.66666666666666,61.53846153846154,NA,NA,64.1025641025641,84.61538461538461,58.97435897435898,82.05128205128204,92.3076923076923,74.35897435897436,79.48717948717949,64.1025641025641,51.28205128205128,51.28205128205128,28.205128205128204,82.05128205128204,92.3076923076923,84.61538461538461,25.64102564102564,84.61538461538461,0,100,46.15384615384615,NA
Mikey Lopez,6.74,0,53.125,0,84.375,87.5,43.75,56.25,25,9.375,46.875,50,40.625,40.625,12.5,71.875,9.375,62.5,93.75,50,6.25,68.75,43.75,90.625,NA,87.5,65.625,50,18.75,6.25,100,NA,NA
Sergio Ors,6.73,57.57575757575758,92.42424242424242,48.48484848484848,19.696969696969695,34.84848484848485,9.090909090909092,13.636363636363637,21.21212121212121,18.181818181818183,16.666666666666664,68.18181818181817,78.78787878787878,31.818181818181817,80.3030303030303,12.12121212121212,4.545454545454546,65.15151515151516,53.03030303030303,60.60606060606061,27.27272727272727,90.9090909090909,66.66666666666666,53.03030303030303,71.21212121212122,62.121212121212125,36.36363636363637,71.21212121212122,36.36363636363637,56.060606060606055,100,77.27272727272727,NA
Callum Johnson,6.73,0,2.564102564102564,0,10.256410256410255,2.564102564102564,12.82051282051282,0,38.46153846153847,89.74358974358975,66.66666666666666,17.94871794871795,35.8974358974359,10.256410256410255,41.02564102564102,84.61538461538461,7.6923076923076925,69.23076923076923,23.076923076923077,38.46153846153847,33.33333333333333,64.1025641025641,25.64102564102564,94.87179487179486,NA,74.35897435897436,74.35897435897436,58.97435897435898,76.92307692307693,25.64102564102564,100,53.84615384615385,NA
Souaibou Marou,6.73,100,100,0,2.564102564102564,25.64102564102564,0,15.384615384615383,23.076923076923077,NA,NA,41.02564102564102,23.076923076923077,2.564102564102564,94.87179487179486,35.8974358974359,5.128205128205128,7.6923076923076925,51.28205128205128,0,2.564102564102564,53.84615384615385,33.33333333333333,82.05128205128204,41.02564102564102,64.1025641025641,5.128205128205128,NA,17.94871794871795,100,100,100,100
Ismaila Jome,6.72,60.60606060606061,48.48484848484848,50,56.060606060606055,72.72727272727273,18.181818181818183,31.818181818181817,36.36363636363637,45.45454545454545,33.33333333333333,34.84848484848485,50,19.696969696969695,54.54545454545454,53.03030303030303,12.12121212121212,56.060606060606055,69.6969696969697,16.666666666666664,40.909090909090914,59.09090909090909,60.60606060606061,54.54545454545454,42.42424242424242,43.93939393939394,31.818181818181817,9.090909090909092,83.33333333333334,100,100,45.45454545454545,NA
Marc Torrellas,6.72,37.878787878787875,21.21212121212121,0,83.33333333333334,46.96969696969697,87.87878787878788,51.51515151515152,7.575757575757576,21.21212121212121,22.727272727272727,6.0606060606060606,16.666666666666664,81.81818181818183,3.0303030303030303,95.45454545454544,31.818181818181817,83.33333333333334,51.51515151515152,66.66666666666666,77.27272727272727,87.87878787878788,71.21212121212122,96.96969696969695,34.84848484848485,51.51515151515152,93.93939393939394,36.36363636363637,34.84848484848485,48.48484848484848,100,36.36363636363637,NA
Josue Gomez,6.71,0,58.620689655172406,0,89.65517241379311,79.3103448275862,72.41379310344827,68.96551724137932,100,93.10344827586206,86.20689655172413,10.344827586206897,31.03448275862069,89.65517241379311,68.96551724137932,3.4482758620689653,82.75862068965517,65.51724137931035,68.96551724137932,72.41379310344827,65.51724137931035,75.86206896551724,100,41.37931034482759,55.172413793103445,93.10344827586206,93.10344827586206,72.41379310344827,3.4482758620689653,68.96551724137932,100,44.827586206896555,100
Rodrigo Robles,6.7,72.72727272727273,66.66666666666666,90.9090909090909,48.48484848484848,75.75757575757575,45.45454545454545,75.75757575757575,63.63636363636363,36.36363636363637,33.33333333333333,46.96969696969697,21.21212121212121,51.51515151515152,89.39393939393939,6.0606060606060606,92.42424242424242,27.27272727272727,45.45454545454545,62.121212121212125,36.36363636363637,68.18181818181817,60.60606060606061,30.303030303030305,53.03030303030303,45.45454545454545,22.727272727272727,75.75757575757575,40.909090909090914,100,100,83.33333333333334,92.42424242424242
Joe Gallardo,6.7,83.33333333333334,59.09090909090909,0,43.93939393939394,27.27272727272727,80.3030303030303,36.36363636363637,65.15151515151516,95.45454545454544,50,18.181818181818183,12.12121212121212,71.21212121212122,40.909090909090914,48.48484848484848,37.878787878787875,59.09090909090909,19.696969696969695,34.84848484848485,37.878787878787875,34.84848484848485,27.27272727272727,40.909090909090914,74.24242424242425,15.151515151515152,13.636363636363637,45.45454545454545,12.12121212121212,54.54545454545454,100,43.93939393939394,NA
Ian Cerro,6.69,42.42424242424242,33.33333333333333,60.60606060606061,24.24242424242424,18.181818181818183,60.60606060606061,33.33333333333333,48.48484848484848,77.27272727272727,74.24242424242425,19.696969696969695,9.090909090909092,43.93939393939394,9.090909090909092,46.96969696969697,69.6969696969697,77.27272727272727,100,25.75757575757576,12.12121212121212,19.696969696969695,21.21212121212121,83.33333333333334,39.39393939393939,60.60606060606061,86.36363636363636,66.66666666666666,6.0606060606060606,100,100,22.727272727272727,NA
Adam Aoumaich,6.68,0,93.93939393939394,86.36363636363636,78.78787878787878,62.121212121212125,81.81818181818183,56.060606060606055,95.45454545454544,93.93939393939394,81.81818181818183,100,63.63636363636363,95.45454545454544,93.93939393939394,10.606060606060606,90.9090909090909,22.727272727272727,21.21212121212121,95.45454545454544,63.63636363636363,74.24242424242425,92.42424242424242,42.42424242424242,95.45454545454544,96.96969696969695,100,28.78787878787879,NA,3.0303030303030303,100,31.818181818181817,96.96969696969695
Julian Cisneros,6.68,0,65.625,0,9.375,9.375,12.5,3.125,34.375,15.625,25,81.25,59.375,28.125,65.625,9.375,78.125,84.375,68.75,84.375,12.5,21.875,37.5,21.875,84.375,90.625,75,65.625,3.125,15.625,3.125,62.5,NA
Marco Milanese,6.67,0,0,0,71.42857142857143,46.93877551020408,79.59183673469387,61.224489795918366,85.71428571428571,NA,NA,75.51020408163265,57.14285714285714,77.55102040816327,16.3265306122449,20.40816326530612,63.26530612244898,95.91836734693877,71.42857142857143,59.18367346938776,75.51020408163265,18.367346938775512,40.81632653061224,57.14285714285714,NA,28.57142857142857,75.51020408163265,81.63265306122449,48.97959183673469,36.734693877551024,8.16326530612245,NA,NA
Nil Vinyals,6.67,50,31.818181818181817,0,89.39393939393939,78.78787878787878,54.54545454545454,36.36363636363637,96.96969696969695,80.3030303030303,51.51515151515152,95.45454545454544,89.39393939393939,92.42424242424242,69.6969696969697,28.78787878787879,34.84848484848485,96.96969696969695,39.39393939393939,96.96969696969695,96.96969696969695,54.54545454545454,43.93939393939394,48.48484848484848,50,19.696969696969695,84.84848484848484,37.878787878787875,92.42424242424242,100,100,51.51515151515152,NA
Masango Akale,6.66,69.0909090909091,54.54545454545454,94.54545454545456,10.909090909090908,41.81818181818181,3.636363636363636,9.090909090909092,78.18181818181819,72.72727272727273,87.27272727272727,96.36363636363636,49.09090909090909,7.272727272727272,94.54545454545456,16.363636363636363,72.72727272727273,47.27272727272727,83.63636363636363,67.27272727272727,50.90909090909091,3.636363636363636,3.636363636363636,3.636363636363636,54.54545454545454,29.09090909090909,7.272727272727272,34.54545454545455,80,81.81818181818183,0,80,NA
Gabriel Cabral,6.66,0,64.1025641025641,0,87.17948717948718,82.05128205128204,87.17948717948718,89.74358974358975,82.05128205128204,79.48717948717949,87.17948717948718,15.384615384615383,82.05128205128204,87.17948717948718,28.205128205128204,25.64102564102564,92.3076923076923,15.384615384615383,89.74358974358975,51.28205128205128,56.41025641025641,46.15384615384615,35.8974358974359,30.76923076923077,76.92307692307693,61.53846153846154,56.41025641025641,87.17948717948718,64.1025641025641,69.23076923076923,100,17.94871794871795,NA
Yaniv Bazini,6.66,27.58620689655172,20.689655172413794,72.41379310344827,44.827586206896555,37.93103448275862,44.827586206896555,55.172413793103445,31.03448275862069,82.75862068965517,100,68.96551724137932,55.172413793103445,37.93103448275862,41.37931034482759,51.72413793103448,41.37931034482759,37.93103448275862,20.689655172413794,58.620689655172406,72.41379310344827,79.3103448275862,86.20689655172413,75.86206896551724,58.620689655172406,34.48275862068966,62.06896551724138,17.24137931034483,34.48275862068966,55.172413793103445,100,6.896551724137931,NA
Dakota Barnathan,6.65,51.28205128205128,17.94871794871795,0,20.51282051282051,12.82051282051282,82.05128205128204,43.58974358974359,10.256410256410255,NA,NA,10.256410256410255,12.82051282051282,20.51282051282051,38.46153846153847,92.3076923076923,38.46153846153847,25.64102564102564,30.76923076923077,53.84615384615385,61.53846153846154,84.61538461538461,64.1025641025641,87.17948717948718,NA,41.02564102564102,17.94871794871795,12.82051282051282,66.66666666666666,58.97435897435898,100,15.384615384615383,NA
Dean Guezen,6.64,NA,NA,NA,NA,NA,NA,NA,NA,NA,NA,NA,NA,NA,NA,NA,NA,NA,NA,NA,NA,NA,NA,NA,NA,NA,NA,NA,NA,NA,NA,NA,NA
Preston Kilwien,6.64,0,30.434782608695656,91.30434782608695,39.130434782608695,54.34782608695651,67.3913043478261,58.69565217391305,80.43478260869566,82.6086956521739,82.6086956521739,45.65217391304348,26.08695652173913,23.91304347826087,19.565217391304348,100,17.391304347826086,13.043478260869565,19.565217391304348,2.1739130434782608,52.17391304347826,13.043478260869565,54.34782608695651,50,NA,13.043478260869565,47.82608695652174,78.26086956521739,65.21739130434783,34.78260869565217,100,43.47826086956522,NA
Kevin O'Connor,6.63,0,9.090909090909092,37.878787878787875,42.42424242424242,13.636363636363637,46.96969696969697,16.666666666666664,10.606060606060606,78.78787878787878,46.96969696969697,27.27272727272727,68.18181818181817,40.909090909090914,6.0606060606060606,83.33333333333334,40.909090909090914,21.21212121212121,21.21212121212121,43.93939393939394,68.18181818181817,83.33333333333334,69.6969696969697,18.181818181818183,15.151515151515152,24.24242424242424,3.0303030303030303,6.0606060606060606,72.72727272727273,28.78787878787879,100,13.636363636363637,NA
Zahir Vazquez,6.62,89.74358974358975,92.3076923076923,0,0,0,5.128205128205128,5.128205128205128,7.6923076923076925,48.717948717948715,43.58974358974359,64.1025641025641,69.23076923076923,0,66.66666666666666,51.28205128205128,64.1025641025641,43.58974358974359,71.7948717948718,30.76923076923077,17.94871794871795,20.51282051282051,7.6923076923076925,53.84615384615385,92.3076923076923,5.128205128205128,35.8974358974359,89.74358974358975,2.564102564102564,100,100,87.17948717948718,NA
Michael Knapp,6.62,84.61538461538461,35.8974358974359,0,5.128205128205128,10.256410256410255,23.076923076923077,7.6923076923076925,20.51282051282051,NA,NA,51.28205128205128,35.8974358974359,5.128205128205128,74.35897435897436,76.92307692307693,56.41025641025641,35.8974358974359,51.28205128205128,69.23076923076923,28.205128205128204,87.17948717948718,56.41025641025641,66.66666666666666,56.41025641025641,82.05128205128204,33.33333333333333,35.8974358974359,38.46153846153847,46.15384615384615,5.128205128205128,58.97435897435898,NA
Devin Boyce,6.62,43.93939393939394,42.42424242424242,0,63.63636363636363,24.24242424242424,27.27272727272727,27.27272727272727,71.21212121212122,63.63636363636363,33.33333333333333,21.21212121212121,34.84848484848485,65.15151515151516,19.696969696969695,34.84848484848485,60.60606060606061,78.78787878787878,57.57575757575758,74.24242424242425,21.21212121212121,89.39393939393939,42.42424242424242,84.84848484848484,60.60606060606061,86.36363636363636,4.545454545454546,10.606060606060606,4.545454545454546,24.24242424242424,100,24.24242424242424,NA
Michael Chilaka,6.62,0,30.612244897959183,0,95.91836734693877,100,59.18367346938776,91.83673469387756,77.55102040816327,NA,NA,53.06122448979592,46.93877551020408,95.91836734693877,75.51020408163265,16.3265306122449,46.93877551020408,34.69387755102041,14.285714285714285,4.081632653061225,12.244897959183673,2.0408163265306123,14.285714285714285,71.42857142857143,NA,48.97959183673469,67.3469387755102,85.71428571428571,81.63265306122449,44.89795918367347,100,85.71428571428571,NA
Chevone Marsh,6.61,0,83.33333333333334,53.03030303030303,15.151515151515152,53.03030303030303,34.84848484848485,57.57575757575758,31.818181818181817,NA,NA,57.57575757575758,71.21212121212122,13.636363636363637,83.33333333333334,22.727272727272727,62.121212121212125,51.51515151515152,62.121212121212125,36.36363636363637,62.121212121212125,36.36363636363637,25.75757575757576,51.51515151515152,93.93939393939394,48.48484848484848,50,84.84848484848484,NA,46.96969696969697,100,39.39393939393939,93.93939393939394
Abel Alejandro Caputo,6.6,0,9.090909090909092,74.54545454545455,76.36363636363637,92.72727272727272,50.90909090909091,70.9090909090909,25.454545454545453,40,67.27272727272727,16.363636363636363,12.727272727272728,56.36363636363636,5.454545454545454,43.63636363636363,12.727272727272728,45.45454545454545,30.909090909090907,23.636363636363637,12.727272727272728,72.72727272727273,41.81818181818181,83.63636363636363,20,50.90909090909091,74.54545454545455,94.54545454545456,34.54545454545455,38.18181818181819,100,12.727272727272728,NA
Ivan Agyaakwah,6.6,100,100,0,38.775510204081634,53.06122448979592,4.081632653061225,6.122448979591836,100,NA,NA,93.87755102040816,57.14285714285714,53.06122448979592,95.91836734693877,6.122448979591836,93.87755102040816,67.3469387755102,26.53061224489796,93.87755102040816,57.14285714285714,67.3469387755102,48.97959183673469,20.40816326530612,NA,91.83673469387756,57.14285714285714,91.83673469387756,NA,55.10204081632652,100,95.91836734693877,NA
Angelo Calfo,6.6,0,20.40816326530612,95.91836734693877,12.244897959183673,42.857142857142854,8.16326530612245,12.244897959183673,53.06122448979592,85.71428571428571,85.71428571428571,48.97959183673469,100,4.081632653061225,32.6530612244898,48.97959183673469,42.857142857142854,20.40816326530612,69.38775510204081,6.122448979591836,10.20408163265306,30.612244897959183,22.448979591836736,28.57142857142857,NA,14.285714285714285,8.16326530612245,NA,69.38775510204081,79.59183673469387,100,NA,NA
Samuel Owusu,6.59,93.87755102040816,93.87755102040816,0,69.38775510204081,63.26530612244898,53.06122448979592,38.775510204081634,46.93877551020408,89.79591836734694,85.71428571428571,NA,NA,65.3061224489796,79.59183673469387,36.734693877551024,67.3469387755102,8.16326530612245,4.081632653061225,22.448979591836736,24.489795918367346,20.40816326530612,55.10204081632652,69.38775510204081,NA,69.38775510204081,16.3265306122449,NA,24.489795918367346,69.38775510204081,100,91.83673469387756,NA
Teddy Baker,6.59,87.17948717948718,69.23076923076923,84.61538461538461,41.02564102564102,17.94871794871795,89.74358974358975,61.53846153846154,71.7948717948718,82.05128205128204,89.74358974358975,66.66666666666666,23.076923076923077,51.28205128205128,58.97435897435898,0,33.33333333333333,0,10.256410256410255,2.564102564102564,7.6923076923076925,23.076923076923077,12.82051282051282,15.384615384615383,84.61538461538461,10.256410256410255,12.82051282051282,46.15384615384615,82.05128205128204,56.41025641025641,100,74.35897435897436,NA
Nico Brown,6.59,0,76.92307692307693,0,25.64102564102564,43.58974358974359,10.256410256410255,25.64102564102564,64.1025641025641,76.92307692307693,53.84615384615385,79.48717948717949,15.384615384615383,28.205128205128204,89.74358974358975,28.205128205128204,94.87179487179486,17.94871794871795,46.15384615384615,82.05128205128204,58.97435897435898,74.35897435897436,69.23076923076923,12.82051282051282,89.74358974358975,30.76923076923077,15.384615384615383,15.384615384615383,61.53846153846154,61.53846153846154,100,69.23076923076923,92.3076923076923
Emmanuel Alaribe,6.58,58.620689655172406,0,0,72.41379310344827,65.51724137931035,27.58620689655172,24.13793103448276,37.93103448275862,NA,NA,48.27586206896552,58.620689655172406,44.827586206896555,20.689655172413794,72.41379310344827,48.27586206896552,58.620689655172406,100,37.93103448275862,37.93103448275862,44.827586206896555,48.27586206896552,NA,13.79310344827586,86.20689655172413,41.37931034482759,68.96551724137932,44.827586206896555,41.37931034482759,3.4482758620689653,31.03448275862069,NA
Omar Gomez,6.58,0,22.448979591836736,0,8.16326530612245,14.285714285714285,28.57142857142857,40.81632653061224,87.75510204081633,NA,NA,65.3061224489796,48.97959183673469,8.16326530612245,NA,100,71.42857142857143,100,67.3469387755102,67.3469387755102,48.97959183673469,8.16326530612245,4.081632653061225,77.55102040816327,81.63265306122449,34.69387755102041,85.71428571428571,93.87755102040816,8.16326530612245,100,4.081632653061225,NA,NA
Stephen Payne,6.57,0,28.125,59.375,59.375,71.875,40.625,71.875,31.25,46.875,34.375,75,90.625,46.875,28.125,37.5,68.75,6.25,0,53.125,31.25,56.25,81.25,9.375,40.625,75,43.75,NA,21.875,78.125,100,59.375,NA
Sebastian Vivas,6.57,51.72413793103448,13.79310344827586,0,86.20689655172413,86.20689655172413,51.72413793103448,62.06896551724138,82.75862068965517,89.65517241379311,89.65517241379311,72.41379310344827,58.620689655172406,55.172413793103445,13.79310344827586,86.20689655172413,72.41379310344827,55.172413793103445,37.93103448275862,34.48275862068966,100,20.689655172413794,31.03448275862069,68.96551724137932,NA,13.79310344827586,55.172413793103445,79.3103448275862,NA,27.58620689655172,100,10.344827586206897,NA
Klaidi Cela,6.56,0,32.6530612244898,0,42.857142857142854,77.55102040816327,22.448979591836736,28.57142857142857,40.81632653061224,NA,NA,NA,NA,26.53061224489796,46.93877551020408,100,61.224489795918366,40.81632653061224,44.89795918367347,24.489795918367346,42.857142857142854,26.53061224489796,42.857142857142854,63.26530612244898,65.3061224489796,61.224489795918366,26.53061224489796,NA,79.59183673469387,14.285714285714285,100,NA,NA
Andrew Jean-Baptiste,6.56,0,40.81632653061224,0,32.6530612244898,18.367346938775512,75.51020408163265,69.38775510204081,95.91836734693877,NA,NA,NA,NA,61.224489795918366,81.63265306122449,100,22.448979591836736,10.20408163265306,14.285714285714285,71.42857142857143,61.224489795918366,93.87755102040816,87.75510204081633,16.3265306122449,NA,77.55102040816327,53.06122448979592,NA,16.3265306122449,40.81632653061224,100,NA,NA
Adrian Billhardt,6.55,80.3030303030303,90.9090909090909,0,65.15151515151516,15.151515151515152,65.15151515151516,75.75757575757575,78.78787878787878,NA,NA,96.96969696969695,50,90.9090909090909,72.72727272727273,1.5151515151515151,65.15151515151516,86.36363636363636,100,93.93939393939394,42.42424242424242,69.6969696969697,72.72727272727273,NA,78.78787878787878,59.09090909090909,51.51515151515152,72.72727272727273,19.696969696969695,19.696969696969695,100,95.45454545454544,NA
Samory Powder,6.55,93.75,93.75,68.75,18.75,21.875,15.625,15.625,21.875,21.875,12.5,59.375,84.375,18.75,78.125,84.375,28.125,3.125,0,37.5,65.625,87.5,68.75,31.25,81.25,25,46.875,78.125,34.375,68.75,100,100,NA
Aiden Mesias,6.54,94.54545454545456,41.81818181818181,0,65.45454545454545,100,0,1.818181818181818,10.909090909090908,NA,NA,56.36363636363636,36.36363636363637,32.72727272727273,60,67.27272727272727,83.63636363636363,9.090909090909092,32.72727272727273,21.818181818181817,76.36363636363637,5.454545454545454,7.272727272727272,32.72727272727273,50.90909090909091,10.909090909090908,3.636363636363636,23.636363636363637,81.81818181818183,67.27272727272727,100,60,NA
Colby Quinones,6.53,0,0,0,15.625,15.625,25,18.75,0,12.5,9.375,21.875,65.625,25,18.75,87.5,84.375,50,78.125,28.125,81.25,18.75,6.25,12.5,NA,28.125,9.375,NA,62.5,21.875,100,NA,NA
Evan Lee,6.52,0,20.51282051282051,0,43.58974358974359,69.23076923076923,2.564102564102564,2.564102564102564,35.8974358974359,56.41025641025641,100,48.717948717948715,30.76923076923077,35.8974358974359,51.28205128205128,23.076923076923077,17.94871794871795,64.1025641025641,43.58974358974359,33.33333333333333,25.64102564102564,56.41025641025641,30.76923076923077,46.15384615384615,NA,7.6923076923076925,46.15384615384615,33.33333333333333,71.7948717948718,100,100,25.64102564102564,NA
Lamin Jawneh,6.51,0,87.87878787878788,83.33333333333334,6.0606060606060606,57.57575757575758,13.636363636363637,75.75757575757575,68.18181818181817,62.121212121212125,40.909090909090914,84.84848484848484,50,24.24242424242424,28.78787878787879,15.151515151515152,80.3030303030303,10.606060606060606,6.0606060606060606,72.72727272727273,25.75757575757576,53.03030303030303,27.27272727272727,80.3030303030303,86.36363636363636,87.87878787878788,16.666666666666664,62.121212121212125,10.606060606060606,13.636363636363637,100,68.18181818181817,NA
Emiliano Terzaghi,6.5,24.13793103448276,79.3103448275862,0,27.58620689655172,13.79310344827586,41.37931034482759,31.03448275862069,6.896551724137931,NA,NA,24.13793103448276,31.03448275862069,24.13793103448276,24.13793103448276,89.65517241379311,58.620689655172406,20.689655172413794,44.827586206896555,13.79310344827586,31.03448275862069,13.79310344827586,13.79310344827586,37.93103448275862,86.20689655172413,24.13793103448276,75.86206896551724,86.20689655172413,37.93103448275862,58.620689655172406,100,65.51724137931035,NA
Callum Stretch,6.5,0,18.367346938775512,0,73.46938775510205,65.3061224489796,55.10204081632652,73.46938775510205,81.63265306122449,83.6734693877551,77.55102040816327,46.93877551020408,48.97959183673469,69.38775510204081,55.10204081632652,51.02040816326531,6.122448979591836,22.448979591836736,24.489795918367346,18.367346938775512,46.93877551020408,48.97959183673469,69.38775510204081,14.285714285714285,79.59183673469387,26.53061224489796,55.10204081632652,NA,34.69387755102041,100,10.20408163265306,NA,NA
Sergio Chavez,6.49,79.59183673469387,87.75510204081633,0,28.57142857142857,67.3469387755102,34.69387755102041,55.10204081632652,NA,NA,NA,NA,NA,16.3265306122449,71.42857142857143,100,36.734693877551024,16.3265306122449,75.51020408163265,0,4.081632653061225,32.6530612244898,24.489795918367346,48.97959183673469,75.51020408163265,71.42857142857143,12.244897959183673,NA,61.224489795918366,48.97959183673469,100,83.6734693877551,NA
Handwalla Bwana,6.49,84.84848484848484,27.27272727272727,0,86.36363636363636,80.3030303030303,90.9090909090909,93.93939393939394,93.93939393939394,68.18181818181817,65.15151515151516,48.48484848484848,31.818181818181817,80.3030303030303,45.45454545454545,37.878787878787875,15.151515151515152,74.24242424242425,100,7.575757575757576,1.5151515151515151,22.727272727272727,7.575757575757576,NA,43.93939393939394,37.878787878787875,96.96969696969695,80.3030303030303,80.3030303030303,4.545454545454546,100,28.78787878787879,NA
James Vaughan,6.49,0,83.6734693877551,0,16.3265306122449,12.244897959183673,48.97959183673469,34.69387755102041,91.83673469387756,100,93.87755102040816,59.18367346938776,42.857142857142854,18.367346938775512,40.81632653061224,8.16326530612245,53.06122448979592,71.42857142857143,36.734693877551024,40.81632653061224,8.16326530612245,12.244897959183673,12.244897959183673,46.93877551020408,89.79591836734694,79.59183673469387,93.87755102040816,89.79591836734694,71.42857142857143,38.775510204081634,100,NA,NA
Nazeem Bartman,6.48,68.18181818181817,77.27272727272727,0,66.66666666666666,59.09090909090909,10.606060606060606,12.12121212121212,3.0303030303030303,57.57575757575758,40.909090909090914,54.54545454545454,100,59.09090909090909,46.96969696969697,27.27272727272727,77.27272727272727,31.818181818181817,21.21212121212121,39.39393939393939,68.18181818181817,12.12121212121212,9.090909090909092,63.63636363636363,68.18181818181817,28.78787878787879,72.72727272727273,90.9090909090909,60.60606060606061,100,100,69.6969696969697,NA
Laurence Wootton,6.48,NA,NA,NA,NA,NA,NA,NA,NA,NA,NA,NA,NA,NA,NA,NA,NA,NA,NA,NA,NA,NA,NA,NA,NA,NA,NA,NA,NA,NA,NA,NA,NA
Joel,6.47,0,10.256410256410255,79.48717948717949,84.61538461538461,46.15384615384615,74.35897435897436,66.66666666666666,53.84615384615385,74.35897435897436,84.61538461538461,28.205128205128204,35.8974358974359,76.92307692307693,25.64102564102564,79.48717948717949,0,33.33333333333333,76.92307692307693,20.51282051282051,23.076923076923077,79.48717948717949,79.48717948717949,56.41025641025641,NA,71.7948717948718,30.76923076923077,43.58974358974359,74.35897435897436,23.076923076923077,0,30.76923076923077,NA
Brandon Knapp,6.46,0,77.55102040816327,0,20.40816326530612,22.448979591836736,10.20408163265306,20.40816326530612,93.87755102040816,87.75510204081633,79.59183673469387,71.42857142857143,42.857142857142854,38.775510204081634,83.6734693877551,4.081632653061225,77.55102040816327,59.18367346938776,44.89795918367347,55.10204081632652,18.367346938775512,38.775510204081634,34.69387755102041,75.51020408163265,91.83673469387756,59.18367346938776,95.91836734693877,87.75510204081633,59.18367346938776,75.51020408163265,100,61.224489795918366,NA
Conor Doyle,6.45,60,10.909090909090908,50.90909090909091,45.45454545454545,25.454545454545453,63.63636363636363,30.909090909090907,80,92.72727272727272,61.81818181818181,7.272727272727272,100,38.18181818181819,7.272727272727272,92.72727272727272,5.454545454545454,30.909090909090907,47.27272727272727,3.636363636363636,63.63636363636363,56.36363636363636,70.9090909090909,52.72727272727272,NA,16.363636363636363,32.72727272727273,54.54545454545454,67.27272727272727,45.45454545454545,100,20,NA
Luka Prpa,6.45,33.33333333333333,7.575757575757576,0,46.96969696969697,56.060606060606055,25.75757575757576,18.181818181818183,33.33333333333333,15.151515151515152,22.727272727272727,13.636363636363637,24.24242424242424,9.090909090909092,4.545454545454546,71.21212121212122,21.21212121212121,13.636363636363637,7.575757575757576,10.606060606060606,30.303030303030305,50,56.060606060606055,28.78787878787879,36.36363636363637,42.42424242424242,21.21212121212121,31.818181818181817,65.15151515151516,40.909090909090914,100,21.21212121212121,NA
Neco Brett,6.45,31.03448275862069,37.93103448275862,0,37.93103448275862,51.72413793103448,48.27586206896552,17.24137931034483,10.344827586206897,NA,NA,58.620689655172406,86.20689655172413,13.79310344827586,65.51724137931035,93.10344827586206,13.79310344827586,82.75862068965517,62.06896551724138,10.344827586206897,37.93103448275862,6.896551724137931,6.896551724137931,48.27586206896552,44.827586206896555,41.37931034482759,24.13793103448276,20.689655172413794,65.51724137931035,51.72413793103448,100,58.620689655172406,NA
Ferrety Sousa,6.44,NA,NA,NA,NA,NA,NA,NA,NA,NA,NA,NA,NA,NA,NA,NA,NA,NA,NA,NA,NA,NA,NA,NA,NA,NA,NA,NA,NA,NA,NA,NA,NA
Patrick Langlois,6.44,79.48717948717949,51.28205128205128,0,58.97435897435898,35.8974358974359,35.8974358974359,10.256410256410255,25.64102564102564,51.28205128205128,100,69.23076923076923,35.8974358974359,53.84615384615385,33.33333333333333,82.05128205128204,10.256410256410255,30.76923076923077,51.28205128205128,56.41025641025641,12.82051282051282,89.74358974358975,41.02564102564102,23.076923076923077,NA,46.15384615384615,2.564102564102564,30.76923076923077,23.076923076923077,100,100,56.41025641025641,NA
Griffin Garnett,6.43,0,0,0,48.97959183673469,61.224489795918366,30.612244897959183,42.857142857142854,61.224489795918366,NA,NA,51.02040816326531,48.97959183673469,34.69387755102041,20.40816326530612,100,8.16326530612245,69.38775510204081,26.53061224489796,8.16326530612245,22.448979591836736,0,2.0408163265306123,55.10204081632652,NA,40.81632653061224,71.42857142857143,NA,36.734693877551024,77.55102040816327,100,NA,NA
Babacar Diene,6.42,37.93103448275862,72.41379310344827,0,48.27586206896552,3.4482758620689653,58.620689655172406,20.689655172413794,20.689655172413794,86.20689655172413,72.41379310344827,93.10344827586206,79.3103448275862,65.51724137931035,48.27586206896552,82.75862068965517,75.86206896551724,68.96551724137932,100,82.75862068965517,82.75862068965517,72.41379310344827,51.72413793103448,89.65517241379311,31.03448275862069,44.827586206896555,100,89.65517241379311,62.06896551724138,13.79310344827586,100,89.65517241379311,NA
Hayden Anderson,6.4,45.45454545454545,12.12121212121212,62.121212121212125,4.545454545454546,9.090909090909092,16.666666666666664,10.606060606060606,60.60606060606061,43.93939393939394,33.33333333333333,25.75757575757576,15.151515151515152,15.151515151515152,39.39393939393939,84.84848484848484,7.575757575757576,66.66666666666666,100,12.12121212121212,3.0303030303030303,63.63636363636363,54.54545454545454,34.84848484848485,NA,74.24242424242425,34.84848484848485,50,18.181818181818183,45.45454545454545,100,25.75757575757576,NA
John Murphy,6.39,0,89.74358974358975,0,33.33333333333333,20.51282051282051,43.58974358974359,38.46153846153847,30.76923076923077,61.53846153846154,71.7948717948718,43.58974358974359,69.23076923076923,61.53846153846154,79.48717948717949,5.128205128205128,79.48717948717949,53.84615384615385,28.205128205128204,76.92307692307693,41.02564102564102,82.05128205128204,51.28205128205128,NA,69.23076923076923,84.61538461538461,53.84615384615385,56.41025641025641,41.02564102564102,15.384615384615383,100,82.05128205128204,NA
Jackson Kasanzu,6.39,0,67.3469387755102,0,65.3061224489796,44.89795918367347,81.63265306122449,67.3469387755102,42.857142857142854,NA,NA,NA,NA,71.42857142857143,59.18367346938776,14.285714285714285,40.81632653061224,30.612244897959183,81.63265306122449,12.244897959183673,26.53061224489796,36.734693877551024,77.55102040816327,85.71428571428571,67.3469387755102,55.10204081632652,83.6734693877551,NA,77.55102040816327,42.857142857142854,6.122448979591836,NA,NA
Rashid Tetteh,6.37,0,24.489795918367346,0,57.14285714285714,87.75510204081633,24.489795918367346,87.75510204081633,79.59183673469387,NA,NA,NA,NA,30.612244897959183,14.285714285714285,22.448979591836736,73.46938775510205,65.3061224489796,100,30.612244897959183,36.734693877551024,24.489795918367346,28.57142857142857,36.734693877551024,NA,4.081632653061225,30.612244897959183,NA,30.612244897959183,100,100,77.55102040816327,NA
Titus Washington,6.37,0,68.96551724137932,93.10344827586206,65.51724137931035,75.86206896551724,NA,NA,65.51724137931035,100,72.41379310344827,31.03448275862069,31.03448275862069,51.72413793103448,62.06896551724138,37.93103448275862,31.03448275862069,79.3103448275862,100,51.72413793103448,20.689655172413794,65.51724137931035,55.172413793103445,NA,48.27586206896552,68.96551724137932,72.41379310344827,82.75862068965517,27.58620689655172,17.24137931034483,100,41.37931034482759,NA
Carlos Anguiano,6.36,0,0,0,64.1025641025641,74.35897435897436,61.53846153846154,51.28205128205128,66.66666666666666,NA,NA,35.8974358974359,35.8974358974359,56.41025641025641,20.51282051282051,2.564102564102564,66.66666666666666,28.205128205128204,5.128205128205128,43.58974358974359,46.15384615384615,17.94871794871795,38.46153846153847,79.48717948717949,35.8974358974359,33.33333333333333,48.717948717948715,23.076923076923077,56.41025641025641,12.82051282051282,100,NA,NA
Christopher Garcia,6.35,0,46.96969696969697,71.21212121212122,59.09090909090909,87.87878787878788,22.727272727272727,36.36363636363637,39.39393939393939,53.03030303030303,18.181818181818183,71.21212121212122,36.36363636363637,57.57575757575758,69.6969696969697,75.75757575757575,54.54545454545454,25.75757575757576,10.606060606060606,53.03030303030303,28.78787878787879,6.0606060606060606,12.12121212121212,22.727272727272727,89.39393939393939,92.42424242424242,48.48484848484848,92.42424242424242,33.33333333333333,15.151515151515152,100,10.606060606060606,NA
Damia Viader,6.34,0,13.636363636363637,0,84.84848484848484,65.15151515151516,84.84848484848484,63.63636363636363,81.81818181818183,96.96969696969695,74.24242424242425,15.151515151515152,16.666666666666664,89.39393939393939,7.575757575757576,39.39393939393939,31.818181818181817,71.21212121212122,72.72727272727273,21.21212121212121,80.3030303030303,42.42424242424242,48.48484848484848,46.96969696969697,48.48484848484848,4.545454545454546,1.5151515151515151,NA,NA,37.878787878787875,100,9.090909090909092,NA
Oscar Jimnez,6.32,0,40.625,0,78.125,78.125,59.375,62.5,53.125,53.125,28.125,12.5,15.625,53.125,59.375,46.875,34.375,28.125,18.75,6.25,21.875,0,18.75,0,NA,18.75,56.25,68.75,40.625,59.375,100,46.875,NA
Daniel Bouman,6.31,0,1.5151515151515151,0,57.57575757575758,68.18181818181817,33.33333333333333,18.181818181818183,28.78787878787879,NA,NA,9.090909090909092,90.9090909090909,27.27272727272727,10.606060606060606,63.63636363636363,56.060606060606055,48.48484848484848,53.03030303030303,48.48484848484848,65.15151515151516,77.27272727272727,72.72727272727273,81.81818181818183,57.57575757575758,69.6969696969697,18.181818181818183,7.575757575757576,56.060606060606055,21.21212121212121,100,NA,NA
Brandon McManus,6.3,41.37931034482759,10.344827586206897,0,31.03448275862069,10.344827586206897,31.03448275862069,37.93103448275862,86.20689655172413,72.41379310344827,72.41379310344827,NA,NA,17.24137931034483,10.344827586206897,58.620689655172406,34.48275862068966,13.79310344827586,20.689655172413794,24.13793103448276,17.24137931034483,51.72413793103448,20.689655172413794,82.75862068965517,41.37931034482759,6.896551724137931,37.93103448275862,37.93103448275862,10.344827586206897,65.51724137931035,0,3.4482758620689653,NA
Brent Kallman,6.27,0,36.734693877551024,0,85.71428571428571,36.734693877551024,91.83673469387756,53.06122448979592,NA,NA,NA,55.10204081632652,100,85.71428571428571,38.775510204081634,100,79.59183673469387,6.122448979591836,44.89795918367347,63.26530612244898,100,81.63265306122449,91.83673469387756,87.75510204081633,69.38775510204081,18.367346938775512,89.79591836734694,NA,55.10204081632652,28.57142857142857,100,NA,NA
Giovanni Calixtro,6.26,59.09090909090909,51.51515151515152,0,39.39393939393939,71.21212121212122,48.48484848484848,75.75757575757575,25.75757575757576,28.78787878787879,13.636363636363637,59.09090909090909,75.75757575757575,28.78787878787879,51.51515151515152,3.0303030303030303,6.0606060606060606,46.96969696969697,21.21212121212121,18.181818181818183,6.0606060606060606,45.45454545454545,31.818181818181817,NA,77.27272727272727,68.18181818181817,71.21212121212122,13.636363636363637,30.303030303030305,100,100,15.151515151515152,NA
Bobby Pierre,6.26,0,0,0,67.2,88,15.2,76,NA,NA,NA,54.400000000000006,31.2,60.8,12,11.2,NA,47.2,14.4,45.6,24.8,58.4,56.8,5.6000000000000005,NA,91.2,20.8,NA,80.80000000000001,4,100,NA,NA
Juan Galindrez,6.26,0,51.72413793103448,0,55.172413793103445,58.620689655172406,17.24137931034483,37.93103448275862,24.13793103448276,NA,NA,17.24137931034483,58.620689655172406,34.48275862068966,82.75862068965517,62.06896551724138,0,75.86206896551724,100,31.03448275862069,31.03448275862069,58.620689655172406,75.86206896551724,55.172413793103445,65.51724137931035,79.3103448275862,13.79310344827586,NA,58.620689655172406,100,100,20.689655172413794,NA
Davey Mason,6.25,0,25,0,21.875,53.125,3.125,59.375,40.625,25,43.75,34.375,28.125,3.125,37.5,6.25,43.75,75,87.5,31.25,3.125,37.5,9.375,6.25,56.25,68.75,6.25,NA,43.75,37.5,100,56.25,NA
Taylor Gray,6.24,0,6.0606060606060606,75.75757575757575,12.12121212121212,7.575757575757576,6.0606060606060606,4.545454545454546,9.090909090909092,71.21212121212122,56.060606060606055,42.42424242424242,22.727272727272727,18.181818181818183,59.09090909090909,74.24242424242425,68.18181818181817,63.63636363636363,43.93939393939394,80.3030303030303,50,86.36363636363636,72.72727272727273,NA,25.75757575757576,56.060606060606055,27.27272727272727,95.45454545454544,9.090909090909092,36.36363636363637,100,12.12121212121212,NA
